Aplicacion,nro VecesUsada
Spreaker,1
Twitter Web App,264
Twitter for iPhone,812
Tweetbot for iÎŸS,2
SocialElephants,2
Salesforce - Social Studio,9
Social Media Corresponsables,123
SocialChamp IO ,23
Postcron App,4
Blog2Social APP,2
Hootsuite Inc.,471
Twitter for Android,1199
TweetDeck,192
Planable,1
Metricool,149
Paper.li,3
Buffer,80
Echofon,2
Canva,1
Politwoops,1
Twitter Ads,1
HubSpot,4
SoAmpli App,1
Social Media Publisher App ,3
Spredfast app,1
dlvr.it,3
Gain App,1
Twitter Ads Composer,14
Twitter Media Studio,8
Facebook,16
Medium,1
Falcon Social Media Management ,1
Twitter Web Client,1419
WordPress.com,4
IFTTT,47
Percolate,1
LibApps,1
LinkedIn,23
Meltwater Social,1
Instagram,41
Sprout Social,19
The Tweeted Times,2
RecurPost - Social Scheduler App,1
Social Management RT,19
SocialGest,2
Sprinklr Publishing,2
Twitter for iPad,56
DogTrack_Oficial,2
