user,nroMentions
FundacionBeQual,74
foretica,100
DelGobVG,80
ottosonnenh,82
SEDESOH_GobOax,98
Agenda2030Esp,1047
Uniandes,74
PNUD_Venezuela,92
pnud,72
eriko_florespz,109
PNUDEcuador,105
CNCPS_oficial,91
iberdrola,156
diadeinternet,72
SEGIBdigital,91
CEOE_ES,83
Los18org,180
Ps_Digitales,86
GPSalmeron,120
MuniCba,88
JOVESOLIDES,131
PactoMundial,271
natacarbonell,87
educaCNIIE,72
Agenda2030MX,84
itdupm,123
sbibliotecario,97
UN_PGA,84
iSostenibilidad,131
BCNArgentina,556
reds_sdsn,92
es_INE,82
MAECgob,108
cibervoluntario,134
ONUMujeresMX,205
InjuveSpain,81
ramonjmestre,140
VolyEstrategia,77
IFLA,206
ONU_es,369
CentroOds,808
desdelamoncloa,87
cepal_onu,112
cristinagallach,185
Corresponsables,269
RGrynspan,85
